Region Name,"Police Force Area name","Community Safety Partnership name",Total Recorded Crime,Violence against the person,Sexual offences,Robbery,Theft offences,Burglary,Vehicle offences,Theft from the person,Bicycle theft,Shoplifting,All other theft offences,Criminal damage and arson,Drug offences,Possession of weapons offences,Public order offences,Miscellaneous crimes against society
South West,Avon and Somerset,Bath and North East Somerset,15046,5777,571,197,5086,722,876,102,120,2111,1155,1203,237,85,1662,228
South West,Avon and Somerset,"Bristol, City of",62452,22604,2370,1386,21420,2754,5366,490,1381,6641,4788,5113,1059,500,7108,892
South West,Avon and Somerset,North Somerset,17685,7726,753,169,4713,654,911,49,165,1626,1308,1515,270,135,2090,314
South West,Avon and Somerset,Somerset,45875,20409,2314,489,11845,1819,1496,117,315,4811,3287,3841,651,273,5203,850
South West,Avon and Somerset,South Gloucestershire,20514,8643,872,197,6215,993,1302,54,171,2117,1578,1597,316,121,2130,423
South West,Avon and Somerset,Unassigned Avon and Somerset,2310,748,353,23,628,67,150,35,36,103,237,145,80,17,196,120
East,Bedfordshire,Bedford,15077,5372,511,154,5396,937,1212,104,294,1773,1076,1319,466,157,1345,357
East,Bedfordshire,Central Bedfordshire,15842,5660,615,134,5825,866,1819,66,119,1579,1376,1437,344,108,1358,361
East,Bedfordshire,Luton,19756,7249,674,279,6847,851,1952,355,149,1871,1669,1548,782,284,1727,366
East,Bedfordshire,Unassigned Bedfordshire,1087,445,195,28,221,31,50,13,9,52,66,28,38,7,75,50
East,Cambridgeshire,Cambridge,15158,4112,396,192,7183,715,704,462,1169,2766,1367,1213,322,174,1314,252
East,Cambridgeshire,East Cambridgeshire,4123,1605,192,17,1293,271,195,22,23,395,387,460,84,42,309,121
East,Cambridgeshire,Fenland,7680,3065,293,51,2421,418,476,50,76,629,772,807,202,112,505,224
East,Cambridgeshire,Huntingdonshire,10126,3831,442,68,3020,509,705,75,225,727,779,1048,400,149,840,328
East,Cambridgeshire,Peterborough,22898,9095,893,266,6643,832,1464,249,400,2123,1575,2197,681,346,2112,665
East,Cambridgeshire,South Cambridgeshire,7306,2595,277,41,2635,633,609,28,99,536,730,828,131,61,533,205
East,Cambridgeshire,Unassigned Cambridgeshire,1253,573,172,4,154,17,31,19,9,13,65,72,56,17,86,119
North West,Cheshire,Cheshire East,25719,11497,1282,137,6388,1069,834,78,259,2257,1891,1979,787,238,2750,661
North West,Cheshire,Cheshire West and Chester,25192,11513,1306,113,5559,744,577,109,203,2107,1819,1934,946,220,2977,624
North West,Cheshire,Halton,12673,5747,524,99,2786,485,408,77,141,917,758,1062,686,131,1271,367
North West,Cheshire,Unassigned Cheshire,420,110,113,6,117,6,4,5,4,69,29,10,16,1,29,18
North West,Cheshire,Warrington,15504,6936,808,67,3517,475,531,67,176,1116,1152,1190,851,136,1578,421
London,City of London,City of London,7834,1363,187,168,4225,330,111,1375,240,1529,640,412,564,80,664,171
North East,Cleveland,Hartlepool,13263,4958,473,153,4129,634,480,41,68,2117,789,1488,435,150,1088,389
North East,Cleveland,Middlesbrough,24639,8996,818,358,6943,1372,1591,137,210,2109,1524,3315,1089,235,2235,650
North East,Cleveland,Redcar and Cleveland,15221,5685,544,111,4506,1030,683,33,122,1691,947,1944,498,138,1381,414
North East,Cleveland,Stockton-on-Tees,21276,7736,721,208,6785,1178,1472,71,149,2247,1668,2489,734,214,1770,619
North East,Cleveland,Unassigned Cleveland,20,8,4,0,0,0,0,0,0,0,0,4,3,0,0,1
North West,Cumbria,Allerdale,6278,2725,298,18,1438,243,212,15,18,459,491,701,277,87,563,171
North West,Cumbria,Barrow-In-Furness,6035,2948,276,30,997,149,152,14,30,331,321,655,292,105,543,189
North West,Cumbria,Carlisle,10059,4312,440,62,2220,299,233,38,84,915,651,1145,495,157,944,284
North West,Cumbria,Copeland,4420,2050,243,13,750,143,79,12,14,166,336,568,154,49,448,145
North West,Cumbria,Eden,3288,1322,159,16,823,135,109,15,13,224,327,339,224,42,266,97
North West,Cumbria,South Lakeland,5659,2406,264,28,1336,239,162,19,43,352,521,557,366,82,477,143
North West,Cumbria,Unassigned Cumbria,377,144,44,1,44,2,6,10,1,4,21,7,106,4,12,15
East Midlands,Derbyshire,Amber Valley,8414,3880,351,29,1634,303,333,40,21,675,262,870,247,115,1106,182
East Midlands,Derbyshire,Bolsover,5821,2634,223,19,1237,239,355,24,15,430,174,666,129,54,704,155
East Midlands,Derbyshire,Chesterfield,10054,4490,438,75,2286,398,354,82,15,1101,336,911,303,126,1227,198
East Midlands,Derbyshire,Derby,28363,12114,1104,319,6644,1154,1453,266,342,2398,1031,2455,1181,373,3631,542
East Midlands,Derbyshire,Derbyshire Dales,3121,1325,132,14,685,188,137,17,11,207,125,315,107,37,411,95
East Midlands,Derbyshire,Erewash,8589,3624,328,51,2211,332,352,36,63,1176,252,857,207,95,1033,183
East Midlands,Derbyshire,High Peak,5362,2323,221,26,1245,316,191,32,14,504,188,534,165,54,688,106
East Midlands,Derbyshire,North East Derbyshire,5449,2613,244,24,969,310,250,8,11,193,197,597,111,57,663,171
East Midlands,Derbyshire,South Derbyshire,6173,2711,296,17,1408,269,417,51,26,422,223,563,231,70,697,180
East Midlands,Derbyshire,Unassigned Derbyshire,4621,450,84,1,3901,9,18,4,1,14,3855,31,41,14,51,48
South West,Devon and Cornwall,Cornwall,34301,15415,1897,167,7743,1078,951,243,100,2501,2870,4282,1137,443,2382,835
South West,Devon and Cornwall,East and Mid Devon,10736,4960,618,32,2279,433,313,68,34,564,867,1306,321,130,781,309
South West,Devon and Cornwall,Exeter,12731,5034,605,91,3793,322,317,119,184,1895,956,1261,542,178,879,348
South West,Devon and Cornwall,Isles of Scilly,51,11,2,0,15,2,6,1,0,2,4,12,4,1,1,5
South West,Devon and Cornwall,North Devon,9107,4112,518,22,2066,357,213,53,33,741,669,1114,286,110,636,243
South West,Devon and Cornwall,Plymouth,25341,11233,1350,191,5767,667,830,258,108,1959,1945,2675,1164,480,1859,622
South West,Devon and Cornwall,South Devon and Dartmoor,12807,5636,659,40,2986,538,421,61,37,705,1224,1571,428,158,906,423
South West,Devon and Cornwall,Torbay,13575,5703,565,101,3722,466,590,135,55,1381,1095,1499,610,169,892,314
South West,Devon and Cornwall,Unassigned Devon and Cornwall ,16,8,1,0,4,0,1,0,0,2,1,0,2,0,1,0
South West,Dorset,Bournemouth,19673,7134,725,197,7580,1166,1975,208,343,2147,1741,1816,545,178,1332,166
South West,Dorset,Dorset,21116,8665,1000,114,6366,1150,1334,95,175,1807,1805,2313,439,197,1704,318
South West,Dorset,Poole,9878,3771,405,41,3449,580,933,56,162,840,878,1114,210,71,707,110
South West,Dorset,Unassigned Dorset,687,335,83,9,117,22,23,2,9,18,43,33,29,14,43,24
North East,Durham,County Durham,49597,18794,1787,195,14326,2770,2289,92,238,5758,3179,7506,1057,375,3923,1634
North East,Durham,Darlington,11027,4055,396,46,3519,492,845,32,109,1320,721,1467,291,110,882,261
North East,Durham,Unassigned Durham,286,138,68,1,25,3,8,2,0,0,12,12,8,1,7,26
Wales,Dyfed-Powys,Carmarthenshire,12440,5988,485,46,2407,488,270,49,35,835,730,1285,483,94,1346,306
Wales,Dyfed-Powys,Ceredigion,4415,2110,201,12,736,154,45,20,15,236,266,464,281,41,455,115
Wales,Dyfed-Powys,Pembrokeshire,9070,4325,379,18,1733,299,169,28,23,635,579,1056,366,97,922,174
Wales,Dyfed-Powys,Powys,7341,3426,333,13,1473,383,178,26,22,337,527,734,287,94,798,183
Wales,Dyfed-Powys,Unassigned Dyfed-Powys,3486,1695,152,11,598,132,68,9,3,118,268,361,192,43,351,83
East,Essex,Basildon,17824,6900,529,189,5967,1067,1697,114,89,1709,1291,1633,646,195,1391,374
East,Essex,Braintree,9909,3925,400,71,3091,458,721,65,52,909,886,902,404,89,805,222
East,Essex,Brentwood,5199,1633,149,45,2232,326,824,31,31,624,396,416,212,36,366,110
East,Essex,Castle Point,5098,2106,168,37,1568,230,467,16,23,472,360,510,151,48,360,150
East,Essex,Chelmsford,14932,5907,631,116,4948,821,1118,143,238,1446,1182,1184,501,159,1161,325
East,Essex,Colchester,15992,6938,721,174,4338,535,886,126,316,1263,1212,1398,577,188,1346,312
East,Essex,Epping Forest,9650,3188,233,102,3954,604,1504,83,22,852,889,739,385,93,764,192
East,Essex,Harlow,9884,3643,320,123,3316,406,1014,91,127,915,763,914,446,135,813,174
East,Essex,Maldon,3368,1559,127,15,900,168,252,13,12,123,332,272,112,35,267,81
East,Essex,Rochford,4396,1821,134,36,1365,198,517,23,15,277,335,405,116,54,362,103
East,Essex,Southend-on-Sea,17737,7344,660,211,5112,622,1181,159,166,1663,1321,1496,797,215,1514,388
East,Essex,Tendring,12497,5729,590,90,2884,494,513,47,85,827,918,1251,344,160,1138,311
East,Essex,Thurrock,15706,5362,445,164,6117,638,2189,139,125,1781,1245,1443,554,161,1147,313
East,Essex,Unassigned Essex,2569,1117,288,28,532,54,126,21,20,104,207,142,110,33,218,101
East,Essex,Uttlesford,5101,1804,183,18,1818,317,485,65,11,301,639,455,169,124,411,119
South West,Gloucestershire,Cheltenham,10075,3660,315,89,3461,450,639,97,240,1173,862,906,238,76,1085,245
South West,Gloucestershire,Cotswold,4461,1736,169,18,1434,358,323,25,17,234,477,452,61,33,409,149
South West,Gloucestershire,Forest of Dean,4726,2352,207,18,984,216,175,9,20,178,386,371,90,42,489,173
South West,Gloucestershire,Gloucester,15554,6666,507,178,4492,670,405,86,234,1980,1117,1055,421,157,1661,417
South West,Gloucestershire,Stroud,6813,2825,287,46,2052,396,601,22,45,381,607,619,117,67,598,202
South West,Gloucestershire,Tewkesbury,5240,2358,194,17,1359,282,224,10,32,355,456,486,75,42,515,194
South West,Gloucestershire,Unassigned Gloucestershire,1587,667,355,24,240,27,34,23,6,21,129,52,34,8,108,99
North West,Greater Manchester,Bolton,32164,13419,1181,430,8244,1522,1723,267,121,2002,2609,2785,1221,448,3522,914
North West,Greater Manchester,Bury,19076,7655,756,216,4504,891,824,129,95,1088,1477,1639,1099,268,2432,507
North West,Greater Manchester,Manchester,89940,31298,3163,1844,28771,4251,5714,3785,1178,5242,8601,6641,4960,1278,9903,2082
North West,Greater Manchester,Manchester Airport,1708,226,22,2,961,10,210,67,9,203,462,60,63,102,168,104
North West,Greater Manchester,Oldham,28039,11872,1106,298,6957,1281,1648,180,100,1679,2069,2436,1073,423,3161,713
North West,Greater Manchester,Rochdale,25323,10262,956,272,6595,1389,1564,149,79,1400,2014,2126,1012,347,2992,761
North West,Greater Manchester,Salford,31086,12201,1064,359,8091,1553,1812,189,328,1647,2562,3027,1526,490,3424,904
North West,Greater Manchester,Stockport,23970,9131,911,338,6856,1316,1292,145,188,2162,1753,2217,771,309,2828,609
North West,Greater Manchester,Tameside,23933,10125,889,223,5787,1178,1244,167,90,1423,1685,2108,958,319,2837,687
North West,Greater Manchester,Trafford,17689,6248,603,213,5811,912,966,191,181,1991,1570,1376,795,211,1998,434
North West,Greater Manchester,Unassigned Greater Manchester,3363,1111,169,41,1059,84,85,49,15,596,230,220,264,46,353,100
North West,Greater Manchester,Wigan,32966,13941,1138,349,7553,1563,1585,189,138,1919,2159,3419,1285,407,3718,1156
Wales,Gwent,Blaenau Gwent,7901,3417,219,21,1643,271,466,13,20,388,485,1108,179,59,1022,233
Wales,Gwent,Caerphilly,15053,6629,507,50,2956,520,855,28,22,665,866,1952,418,112,2006,423
Wales,Gwent,Monmouthshire,6215,2465,243,12,1759,348,288,20,27,503,573,648,132,43,750,163
Wales,Gwent,Newport,19562,7124,517,190,5941,789,1055,90,183,2605,1219,2186,650,144,2268,542
Wales,Gwent,Torfaen,9423,4012,337,55,2086,349,436,17,24,709,551,1157,208,65,1218,285
Wales,Gwent,Unassigned Gwent,,,,,,,,,,,,,,,,
South East,Hampshire,East Hampshire,6155,2415,241,34,1857,394,429,24,21,400,589,626,190,87,593,112
South East,Hampshire,Eastleigh,8152,3295,332,40,2625,451,591,25,80,864,614,636,216,90,770,148
South East,Hampshire,Fareham,5804,2372,275,27,1688,201,283,38,73,649,444,461,164,75,609,133
South East,Hampshire,Gosport,6643,2998,310,37,1656,235,303,36,117,531,434,609,208,85,620,120
South East,Hampshire,Havant,9994,4434,425,67,2424,276,428,46,70,913,691,915,302,146,1096,185
South East,Hampshire,Isle of Wight,10794,5147,573,46,2191,300,187,48,32,956,668,1043,406,152,1054,182
South East,Hampshire,New Forest,10485,4051,422,52,3318,658,720,46,143,860,891,1074,295,129,966,178
South East,Hampshire,North Hampshire,24257,9600,1012,150,7424,1112,1781,141,182,2176,2032,2095,887,295,2311,483
South East,Hampshire,Portsmouth,24509,10320,1067,246,6582,666,1292,189,363,2505,1567,1936,1067,426,2495,370
South East,Hampshire,Southampton,31878,12362,1317,335,9959,1407,2182,309,441,3580,2040,2505,1382,523,3050,445
South East,Hampshire,Test Valley,7531,3016,321,37,2322,586,507,36,51,561,581,629,321,87,673,125
South East,Hampshire,Unassigned Hampshire,4580,1619,337,40,1224,143,277,57,42,424,281,340,268,69,563,120
South East,Hampshire,Winchester,7428,2756,348,32,2378,406,515,74,78,673,632,592,357,68,715,182
East,Hertfordshire,Broxbourne,6962,2453,176,153,2970,296,666,113,56,1071,768,508,172,68,340,122
East,Hertfordshire,Dacorum,9896,3397,333,141,3939,542,1035,84,44,1320,914,1023,243,64,539,217
East,Hertfordshire,East Hertfordshire,7605,2801,286,71,2887,437,751,92,65,798,744,668,190,48,467,187
East,Hertfordshire,Hertsmere,7762,2581,200,80,3346,413,846,72,60,748,1207,661,219,60,453,162
East,Hertfordshire,North Hertfordshire,6853,2786,241,71,2265,330,453,54,58,733,637,738,170,52,401,129
East,Hertfordshire,St Albans,8636,2837,260,103,3971,432,771,85,100,1380,1203,714,132,57,418,144
East,Hertfordshire,Stevenage,7022,2873,324,69,2128,193,337,91,102,697,708,637,250,69,511,161
East,Hertfordshire,Three Rivers,4948,1762,176,72,1928,331,489,20,23,608,457,474,121,38,265,112
East,Hertfordshire,Unassigned Hertfordshire,987,382,123,11,258,32,36,10,8,87,85,41,54,12,44,62
East,Hertfordshire,Watford,8400,2880,308,221,3417,401,769,252,181,960,854,597,249,98,498,132
East,Hertfordshire,Welwyn Hatfield,8537,3274,298,133,2997,460,664,128,182,754,809,801,266,87,505,176
Yorkshire and The Humber,Humberside,East Riding of Yorkshire,19289,8539,728,76,5210,1067,662,78,192,1765,1446,1788,246,133,2027,542
Yorkshire and The Humber,Humberside,"Kingston upon Hull, City of",34207,14183,1091,389,10048,2120,1192,261,738,3371,2366,3326,548,272,3522,828
Yorkshire and The Humber,Humberside,North East Lincolnshire,18003,7821,629,158,4341,833,576,73,262,1484,1113,2204,303,159,1796,592
Yorkshire and The Humber,Humberside,North Lincolnshire,14733,5822,537,146,4608,1096,838,59,145,1409,1061,1400,252,139,1412,417
Yorkshire and The Humber,Humberside,Unassigned Humberside,10415,4244,358,173,2779,419,262,82,170,1247,599,927,344,127,1239,224
South East,Kent,Ashford,10291,4296,391,37,3196,447,528,57,73,1182,909,1135,264,88,544,340
South East,Kent,Canterbury,14133,5953,557,111,4083,461,654,121,131,1626,1090,1553,574,153,794,355
South East,Kent,Dartford and Gravesham,22640,8372,690,199,7819,911,2126,155,141,2721,1765,2553,935,216,1188,668
South East,Kent,Dover,10027,4661,433,54,2211,273,478,54,55,683,668,1178,350,142,635,363
South East,Kent,Folkestone and Hythe,8511,3943,384,27,1986,333,249,51,41,639,673,942,311,92,562,264
South East,Kent,Maidstone,15278,6483,564,86,4380,501,887,93,104,1553,1242,1688,478,192,926,481
South East,Kent,Medway,27544,12510,1055,247,6933,929,1567,186,188,2039,2024,2943,827,315,1712,1002
South East,Kent,Sevenoaks,7474,2748,220,38,2626,548,690,36,33,618,701,944,215,88,376,219
South East,Kent,Swale,14088,6208,534,83,3801,526,674,49,74,1415,1063,1710,307,140,725,580
South East,Kent,Thanet,14894,6839,588,90,3791,481,690,98,143,1253,1126,1536,559,158,900,433
South East,Kent,Tonbridge and Malling,8198,2992,282,35,2792,426,714,28,72,874,678,1053,212,72,457,303
South East,Kent,Tunbridge Wells,7829,3177,276,53,2564,361,538,46,33,965,621,853,230,56,398,222
South East,Kent,Unassigned Kent,2261,937,390,20,332,20,75,25,8,27,177,85,102,31,125,239
North West,Lancashire,Blackburn with Darwen,13992,5867,523,145,4262,704,1039,65,48,1344,1062,1336,370,200,913,376
North West,Lancashire,Blackpool,21970,9624,913,306,6198,1084,1245,235,184,1667,1783,2076,662,343,1341,507
North West,Lancashire,Burnley,10398,3940,366,120,3566,709,694,50,61,1125,927,1179,266,120,607,234
North West,Lancashire,Chorley,7349,3326,342,63,1960,391,334,33,55,493,654,771,152,80,402,253
North West,Lancashire,Fylde,4556,2042,201,18,1312,237,270,9,34,321,441,458,79,49,251,146
North West,Lancashire,Hyndburn,8280,3542,326,82,2419,477,513,22,31,814,562,852,234,104,513,208
North West,Lancashire,Lancaster,10939,4331,447,104,3363,813,705,46,213,676,910,1328,322,128,663,253
North West,Lancashire,Pendle,6625,2953,274,52,1813,409,385,20,25,383,591,666,152,97,423,195
North West,Lancashire,Preston,16253,6173,576,233,5253,844,1120,115,238,1563,1373,1704,530,257,1145,382
North West,Lancashire,Ribble Valley,2485,1054,117,15,745,175,183,6,6,102,273,294,55,14,130,61
North West,Lancashire,Rossendale,4954,1995,183,43,1448,263,321,18,16,396,434,639,144,46,317,139
North West,Lancashire,South Ribble,6799,2857,302,49,2066,426,340,24,69,666,541,756,108,87,380,194
North West,Lancashire,Unassigned Lancashire,4486,1863,269,55,1234,219,226,46,26,351,366,422,151,67,314,111
North West,Lancashire,West Lancashire,5889,2605,278,46,1620,404,308,27,29,358,494,652,164,74,311,139
North West,Lancashire,Wyre,7362,3234,315,41,2075,308,413,27,56,700,571,818,191,75,410,203
East Midlands,Leicestershire,Blaby,6793,2234,296,21,2675,537,655,44,38,670,731,582,107,36,675,167
East Midlands,Leicestershire,Charnwood,14046,4866,515,95,5163,1008,1167,84,286,1428,1190,1445,255,89,1330,288
East Midlands,Leicestershire,Harborough,4882,1733,233,15,1719,374,420,24,33,442,426,466,78,43,461,134
East Midlands,Leicestershire,Hinckley and Bosworth,7660,2839,258,41,2549,506,679,41,58,580,685,773,184,55,743,218
East Midlands,Leicestershire,Leicester,45631,17130,1681,632,12855,1915,2644,539,806,3292,3659,4603,1823,471,5499,937
East Midlands,Leicestershire,Melton,3212,1278,126,17,815,181,130,34,9,219,242,417,90,37,353,79
East Midlands,Leicestershire,North West Leicestershire,7576,2804,280,32,2517,427,703,78,31,556,722,799,159,59,711,215
East Midlands,Leicestershire,Oadby and Wigston,3916,1531,174,24,1225,287,240,16,48,357,277,339,73,25,399,126
East Midlands,Leicestershire,Rutland,1678,686,76,6,469,101,130,1,11,46,180,199,51,13,138,40
East Midlands,Leicestershire,Unassigned Leicestershire,1017,473,141,10,152,17,43,13,3,24,52,49,44,18,70,60
East Midlands,Lincolnshire,Boston,6006,2680,240,50,1727,228,175,29,108,812,375,574,168,49,348,170
East Midlands,Lincolnshire,East Lindsey,10173,4697,494,68,2503,578,376,28,77,698,746,1094,200,95,695,327
East Midlands,Lincolnshire,Lincoln,13694,5100,628,148,4502,467,348,76,241,2463,907,1277,378,133,1220,308
East Midlands,Lincolnshire,North Kesteven,4973,2216,278,21,1207,175,194,8,31,421,378,474,129,39,465,144
East Midlands,Lincolnshire,South Holland,5536,2654,275,30,1362,294,218,15,66,395,374,484,120,54,383,174
East Midlands,Lincolnshire,South Kesteven,8302,3264,418,53,2495,389,473,33,105,850,645,815,224,78,685,270
East Midlands,Lincolnshire,Unassigned Lincolnshire,110,68,18,0,9,2,4,0,0,0,3,1,4,1,1,8
East Midlands,Lincolnshire,West Lindsey,6333,2460,316,40,1798,405,274,17,37,618,447,836,135,65,460,223
North West,Merseyside,Knowsley,13137,5706,413,69,2245,368,374,17,48,651,787,1461,1265,112,1486,380
North West,Merseyside,Liverpool,63058,23606,1789,563,16018,2149,3023,958,517,4958,4413,5486,6445,491,7209,1451
North West,Merseyside,Sefton,21847,9755,699,141,4618,707,867,54,191,1446,1353,1848,1558,158,2617,453
North West,Merseyside,St. Helens,16731,7119,618,82,3639,541,642,56,91,1026,1283,1535,1256,124,1943,415
North West,Merseyside,Unassigned Merseyside,304,129,49,3,27,3,7,1,0,5,11,10,32,9,9,36
North West,Merseyside,Wirral,22766,10169,801,149,4382,725,753,59,166,1278,1401,2357,1356,171,2835,546
London,Metropolitan Police,Barking and Dagenham,19883,6890,640,776,7432,922,2331,733,98,1492,1856,1365,1050,121,1324,285
London,Metropolitan Police,Barnet,28191,7577,712,968,13683,2382,4431,925,213,2693,3039,1803,1052,113,1970,313
London,Metropolitan Police,Bexley,16762,5271,494,340,6748,863,2429,238,87,1701,1430,1738,653,94,1207,217
London,Metropolitan Police,Brent,31902,9246,803,1100,14580,2009,4002,1816,332,2778,3643,2038,1474,192,2167,302
London,Metropolitan Police,Bromley,23948,6838,620,648,10950,1424,3795,623,130,2792,2186,2131,812,118,1547,284
London,Metropolitan Police,Camden,41178,7120,827,1738,25705,2266,2943,8559,827,3390,7720,1760,1421,143,2252,212
London,Metropolitan Police,Croydon,35146,11430,1136,1538,13729,1919,4074,781,190,3664,3101,2712,1530,274,2379,418
London,Metropolitan Police,Ealing,31322,9782,893,1114,13741,1820,4703,1124,482,2331,3281,2027,1131,159,2133,342
London,Metropolitan Police,Enfield,29102,8718,818,1008,13080,2133,4722,1020,194,2096,2915,1999,1227,246,1686,320
London,Metropolitan Police,Greenwich,27664,8851,835,908,11160,1450,3127,957,342,2440,2844,2052,1313,190,1974,381
London,Metropolitan Police,Hackney,32896,8090,828,1733,16572,2267,2601,4602,1322,1792,3988,1801,1214,178,2224,256
London,Metropolitan Police,Hammersmith and Fulham,21631,5631,550,644,10647,1353,2293,1250,825,1997,2929,1248,930,120,1660,201
London,Metropolitan Police,Haringey,28320,7500,819,1369,13365,1694,3864,2581,361,1802,3063,1752,1354,168,1745,248
London,Metropolitan Police,Harrow,16093,4859,438,482,7395,1128,2271,709,125,1522,1640,994,543,86,1080,216
London,Metropolitan Police,Havering,20741,6330,582,573,8936,1353,2721,487,112,2363,1900,1656,861,136,1391,276
London,Metropolitan Police,Hillingdon,28182,8079,755,660,12194,1488,3943,653,230,2617,3263,2338,902,146,1934,1174
London,Metropolitan Police,Hounslow,26697,8525,710,703,11456,1631,3434,838,455,2427,2671,1950,974,131,1924,324
London,Metropolitan Police,Islington,29186,6697,725,1156,15630,1787,2365,3665,804,2591,4418,1649,1074,172,1796,287
London,Metropolitan Police,Kensington and Chelsea,23126,4510,530,692,13999,1457,2674,2952,455,2318,4143,1111,856,128,1163,137
London,Metropolitan Police,Kingston upon Thames,11620,3379,383,187,5175,584,986,546,336,1416,1307,983,542,49,808,114
London,Metropolitan Police,Lambeth,37708,9288,1138,2242,18441,2065,3542,4356,858,2587,5033,2293,1352,226,2408,320
London,Metropolitan Police,Lewisham,29517,9056,903,992,12685,1856,3226,1584,465,2588,2966,2069,1230,203,2087,292
London,Metropolitan Police,Merton,13800,4194,419,421,6076,884,1604,357,251,1525,1455,1064,506,82,874,164
London,Metropolitan Police,Newham,39652,10031,992,1673,20362,2077,4618,4476,521,3359,5311,2017,1821,218,2118,420
London,Metropolitan Police,Redbridge,23675,7738,679,719,10421,1441,3180,1320,193,1610,2677,1441,813,138,1451,275
London,Metropolitan Police,Richmond upon Thames,11796,2989,330,282,5911,1059,1789,254,464,1164,1181,903,455,35,782,109
London,Metropolitan Police,Southwark,38212,8381,1011,2076,21118,2282,2881,6958,1134,2344,5519,1905,1229,228,2018,246
London,Metropolitan Police,Sutton,13031,4531,397,356,4970,819,1322,258,147,1331,1093,1146,367,80,1006,178
London,Metropolitan Police,Tower Hamlets,36893,10148,1013,1484,16842,2298,3261,3584,1134,2148,4417,2068,2205,205,2600,328
London,Metropolitan Police,Unassigned Metropolitan police,34730,6479,1292,1174,19201,1281,5001,4089,639,3734,4457,2697,867,175,1910,935
London,Metropolitan Police,Waltham Forest,24136,6131,552,900,11936,1631,3514,1869,501,1638,2783,1631,1171,157,1437,221
London,Metropolitan Police,Wandsworth,26044,7110,721,941,12625,1902,3324,1028,830,2239,3302,1641,870,129,1728,279
London,Metropolitan Police,Westminster,91746,11275,1477,3778,66030,3044,4129,30790,1009,6023,21035,2336,2314,327,3894,315
East,Norfolk,Breckland,7677,3394,425,24,1631,259,258,31,61,473,549,866,297,110,639,291
East,Norfolk,Broadland,4974,2254,288,12,1106,157,120,15,32,410,372,578,113,67,410,146
East,Norfolk,Great Yarmouth,9641,4408,468,54,2064,301,240,74,82,657,710,1131,328,155,780,253
East,Norfolk,King's Lynn and West Norfolk,9291,3943,451,23,2154,362,189,50,102,851,600,1058,427,142,778,315
East,Norfolk,North Norfolk,4461,2000,307,14,962,145,79,17,13,312,396,509,79,53,405,132
East,Norfolk,Norwich,16248,6185,772,211,4876,528,526,165,388,2213,1056,1621,539,257,1368,419
East,Norfolk,South Norfolk,6088,2576,396,15,1531,244,189,23,49,489,537,666,137,69,460,238
East,Norfolk,Unassigned Norfolk,856,310,47,3,275,25,25,9,17,94,105,80,48,5,53,35
Wales,North Wales,Conwy,10098,4947,463,34,2236,365,198,28,38,950,657,1046,219,69,852,232
Wales,North Wales,Denbighshire,9469,4685,417,35,1922,269,147,38,55,795,618,984,276,96,796,258
Wales,North Wales,Flintshire,10101,4686,417,21,2369,368,268,30,61,899,743,1156,180,78,922,272
Wales,North Wales,Gwynedd,8167,3871,424,23,1766,271,157,41,42,572,683,857,220,84,741,181
Wales,North Wales,Isle of Anglesey,3770,1900,174,8,708,117,65,6,7,222,291,404,145,36,295,100
Wales,North Wales,Unassigned North Wales,31,9,8,0,0,0,0,0,0,0,0,1,1,1,6,5
Wales,North Wales,Wrexham,12235,5488,463,40,3018,453,390,48,66,1254,807,1543,302,89,989,303
Yorkshire and The Humber,North Yorkshire,City of York,14877,5176,550,70,5888,760,527,108,849,2526,1118,1477,368,141,978,229
Yorkshire and The Humber,North Yorkshire,North Yorkshire,31459,13304,1442,125,8979,1690,1442,101,240,2954,2552,3392,1060,317,2102,738
Yorkshire and The Humber,North Yorkshire,Unassigned North Yorkshire,148,67,9,1,18,4,7,0,1,4,2,9,11,2,14,17
East Midlands,Northamptonshire,Corby,5866,2473,297,103,1621,265,268,15,71,602,400,516,292,98,334,132
East Midlands,Northamptonshire,Daventry and South Northamptonshire,8155,3370,438,60,2536,513,753,16,33,335,886,711,253,96,472,219
East Midlands,Northamptonshire,East Northamptonshire,5505,2122,231,58,1847,289,385,10,42,770,351,561,168,72,334,112
East Midlands,Northamptonshire,Kettering,8121,3667,410,86,1942,288,345,30,60,693,526,685,443,129,578,181
East Midlands,Northamptonshire,Northampton,24562,9485,1194,385,7683,1253,1971,128,305,2266,1760,2078,1259,418,1558,502
East Midlands,Northamptonshire,Unassigned Northamptonshire,307,143,59,1,46,2,9,2,0,2,31,3,13,3,16,23
East Midlands,Northamptonshire,Wellingborough,7258,2826,376,91,2189,298,483,21,51,827,509,572,382,112,443,267
North East,Northumbria,Gateshead,18387,6570,718,171,5948,980,1135,114,129,2048,1542,2099,467,198,1697,519
North East,Northumbria,Newcastle upon Tyne,36334,12293,1373,460,12749,1621,2310,635,548,4468,3167,3709,1269,454,3289,738
North East,Northumbria,North Tyneside,17696,6387,717,139,5723,871,951,80,192,2250,1379,2085,361,211,1621,452
North East,Northumbria,Northumberland,24452,9400,1082,135,7114,1228,872,94,148,2989,1783,2973,509,238,2321,680
North East,Northumbria,South Tyneside,15316,5704,523,108,4706,594,841,58,149,2022,1042,1934,322,168,1392,459
North East,Northumbria,Sunderland,28490,10032,978,235,9201,1842,1845,153,253,3084,2024,3675,810,329,2370,860
North East,Northumbria,Unassigned Northumbria,35,16,0,1,8,1,2,1,1,2,1,4,0,1,4,1
East Midlands,Nottinghamshire,Ashfield,10104,3405,418,116,3460,434,445,64,68,1740,709,1141,319,176,735,334
East Midlands,Nottinghamshire,Bassetlaw,9396,3173,303,64,3341,451,586,48,53,1492,711,1217,258,125,614,301
East Midlands,Nottinghamshire,Mansfield,10831,3914,367,110,3619,306,450,82,67,1909,805,1112,422,184,773,330
East Midlands,Nottinghamshire,Newark and Sherwood,8540,2870,349,48,3002,399,487,42,87,1297,690,1073,155,96,625,322
East Midlands,Nottinghamshire,Nottingham,38898,12881,1494,571,13432,1504,1844,575,593,5448,3468,3595,1980,748,3275,922
East Midlands,Nottinghamshire,South Nottinghamshire,17694,5971,798,176,6301,885,895,91,222,2755,1453,1814,592,252,1266,524
East Midlands,Nottinghamshire,Unassigned Nottinghamshire,2028,676,143,23,710,110,96,24,44,230,206,224,57,22,120,53
Wales,South Wales,Bridgend,10339,4234,492,28,2587,303,423,45,36,1166,614,889,292,70,1402,345
Wales,South Wales,Cardiff,39256,12264,1174,295,15680,1599,3607,454,1254,5964,2802,3346,922,303,4574,698
Wales,South Wales,Cwm Taf,23317,10507,867,67,5157,592,935,113,42,2020,1455,2123,578,200,3265,553
Wales,South Wales,Neath Port Talbot,9477,4393,401,18,1975,238,308,60,58,689,622,910,174,91,1303,212
Wales,South Wales,Swansea,19617,7341,832,57,5761,480,907,171,213,2645,1345,1925,555,187,2555,404
Wales,South Wales,Unassigned South Wales,1512,580,99,5,406,47,97,20,23,104,115,113,74,22,173,40
Wales,South Wales,Vale of Glamorgan,9036,3372,278,33,2934,292,464,44,48,1404,682,865,149,61,1167,177
Yorkshire and The Humber,South Yorkshire,Barnsley,25716,9259,839,292,8034,1768,2016,102,72,2450,1626,2923,628,305,2398,1038
Yorkshire and The Humber,South Yorkshire,Doncaster,39563,14040,1246,488,12918,2510,3132,203,272,3948,2853,4247,1312,512,3245,1555
Yorkshire and The Humber,South Yorkshire,Rotherham,25482,9887,869,290,7407,1614,1931,102,68,1868,1824,2431,711,390,2541,956
Yorkshire and The Humber,South Yorkshire,Sheffield,59492,19580,1720,822,21186,4270,4942,659,402,6841,4072,5699,2379,889,5617,1600
Yorkshire and The Humber,South Yorkshire,Unassigned South Yorkshire,1583,519,320,42,320,34,72,45,5,35,129,101,98,26,104,53
West Midlands,Staffordshire,Cannock Chase,7056,3077,334,65,2015,253,433,20,36,820,453,533,189,93,629,121
West Midlands,Staffordshire,East Staffordshire,9076,4066,419,100,2392,379,467,30,129,760,627,682,233,88,881,215
West Midlands,Staffordshire,Lichfield,6011,2561,252,33,1931,288,655,12,19,496,461,426,107,48,515,138
West Midlands,Staffordshire,Newcastle-under-Lyme,7851,3397,403,56,2031,374,347,33,72,620,585,704,231,109,751,169
West Midlands,Staffordshire,South Staffordshire,5593,2370,222,47,1751,351,612,10,11,284,483,444,153,53,402,151
West Midlands,Staffordshire,Stafford,9207,4062,435,61,2490,461,439,30,128,663,769,758,249,107,905,140
West Midlands,Staffordshire,Staffordshire Moorlands,5166,2577,235,21,1191,210,236,14,11,361,359,453,89,65,446,89
West Midlands,Staffordshire,Stoke-on-Trent,30860,12306,1186,339,8864,1894,1599,117,328,2566,2360,3342,745,461,2984,633
West Midlands,Staffordshire,Tamworth,5614,2398,247,48,1756,324,470,29,48,512,373,415,118,77,451,104
West Midlands,Staffordshire,Unassigned Staffordshire,495,169,47,6,113,5,45,2,6,23,32,38,43,5,52,22
East,Suffolk,Ipswich,12610,5142,664,92,3472,343,648,135,150,1412,784,1230,389,194,1133,294
East,Suffolk,Suffolk Coastal,5243,2125,363,21,1303,255,195,21,34,364,434,599,162,68,435,167
East,Suffolk,Unassigned Suffolk,643,305,64,3,128,14,17,8,1,34,54,40,28,8,41,26
East,Suffolk,Waveney,8189,3398,457,28,2183,404,395,55,120,585,624,1034,213,98,581,197
East,Suffolk,Western Suffolk,18886,7959,1001,58,4867,951,724,133,138,1268,1653,2059,563,240,1631,508
South East,Surrey,Elmbridge,7371,2692,222,52,2503,452,734,45,134,482,656,638,242,64,776,182
South East,Surrey,Epsom and Ewell,4937,1715,162,50,1786,273,508,59,86,430,430,450,127,39,501,107
South East,Surrey,Guildford,11185,4172,529,69,3532,416,659,70,99,1426,862,969,350,88,1175,301
South East,Surrey,Mole Valley,4805,1791,171,30,1491,262,348,19,29,475,358,456,112,38,602,114
South East,Surrey,Reigate and Banstead,9595,3945,360,70,2504,369,601,61,40,786,647,890,339,106,1083,298
South East,Surrey,Runnymede,6145,2227,238,41,1823,303,462,25,57,379,597,518,392,70,699,137
South East,Surrey,Spelthorne,8699,3107,257,74,2957,470,808,76,69,848,686,769,308,79,939,209
South East,Surrey,Surrey Heath,5041,1951,208,34,1610,237,352,33,28,544,416,418,120,50,501,149
South East,Surrey,Tandridge,4826,1785,156,27,1399,255,445,24,12,269,394,567,177,56,543,116
South East,Surrey,unassigned Surrey,,,,,,,,,,,,,,,,
South East,Surrey,Waverley,5386,1916,238,28,1794,414,432,26,35,393,494,565,101,49,556,139
South East,Surrey,Woking,6405,2501,244,47,1880,229,321,48,80,564,638,580,194,63,767,129
South East,Sussex,Adur,3956,1447,166,25,1320,136,142,14,21,708,299,439,113,53,291,102
South East,Sussex,Arun,11744,4383,450,121,3613,484,637,65,111,1407,909,1334,302,189,1089,263
South East,Sussex,Brighton and Hove,29618,9804,1234,409,10411,1038,1410,572,645,4104,2642,2342,1237,466,3063,652
South East,Sussex,Chichester,7999,2814,331,62,2772,484,565,51,117,910,645,813,163,108,754,182
South East,Sussex,Crawley,14502,5090,467,159,4781,479,682,154,127,2131,1208,1020,510,796,1386,293
South East,Sussex,Eastbourne,11191,3954,471,107,3967,400,473,100,108,2134,752,1043,345,155,956,193
South East,Sussex,Hastings,9591,3951,495,101,2335,255,509,55,52,751,713,1194,286,150,872,207
South East,Sussex,Horsham,7404,2597,292,39,2607,335,607,53,76,954,582,790,176,88,670,145
South East,Sussex,Lewes,5936,2258,247,28,1685,240,233,24,29,717,442,651,136,75,576,280
South East,Sussex,Mid Sussex,8204,2987,311,70,2582,461,401,46,85,916,673,983,180,124,729,238
South East,Sussex,Rother,6299,2435,297,54,1749,336,279,17,14,711,392,817,88,80,633,146
South East,Sussex,Unassigned Sussex,2493,844,363,28,518,14,76,45,10,160,213,94,226,117,162,141
South East,Sussex,Wealden,6516,2493,299,35,1903,367,381,23,34,554,544,822,118,66,580,200
South East,Sussex,Worthing,9711,3480,366,80,3449,248,361,55,92,2099,594,865,324,121,841,185
South East,Thames Valley,Aylesbury Vale,11716,4757,553,89,3441,396,812,121,135,856,1121,968,398,101,1076,333
South East,Thames Valley,Bracknell Forest,7874,2748,274,54,3058,287,544,91,140,1364,632,670,204,54,654,158
South East,Thames Valley,Cherwell,11139,4154,475,82,3817,361,604,127,102,1512,1111,901,368,90,944,308
South East,Thames Valley,Chiltern,4024,1442,147,33,1403,360,325,44,20,231,423,420,83,28,385,83
South East,Thames Valley,Milton Keynes,26620,10199,1010,311,9187,1071,2126,323,400,2921,2346,2143,840,245,2239,446
South East,Thames Valley,Oxford,17062,5058,584,133,7559,724,949,587,1317,2349,1633,1124,756,168,1446,234
South East,Thames Valley,Reading,17745,6076,642,244,6964,663,1205,405,464,2369,1858,1340,548,156,1487,288
South East,Thames Valley,Slough,15512,5787,467,250,5320,557,1703,285,344,1100,1331,1385,521,170,1362,250
South East,Thames Valley,South Bucks,4724,1447,107,41,1978,365,733,31,25,379,445,482,127,31,425,86
South East,Thames Valley,South Oxfordshire,6569,2510,291,31,2096,333,514,63,63,517,606,655,230,58,545,153
South East,Thames Valley,Unassigned Thames Valley,776,330,68,7,172,14,40,12,1,39,66,41,60,11,48,39
South East,Thames Valley,Vale of White Horse,6731,2777,287,37,1711,236,312,60,90,470,543,730,308,56,669,156
South East,Thames Valley,West Berkshire,9265,3405,369,69,2978,471,598,55,158,1016,680,903,416,66,846,213
South East,Thames Valley,West Oxfordshire,4923,2084,252,33,1397,244,341,39,21,349,403,460,171,36,378,112
South East,Thames Valley,Windsor and Maidenhead,9441,3346,321,55,3205,432,1033,182,172,613,773,788,538,122,880,186
South East,Thames Valley,Wokingham,7723,2851,251,64,2796,338,562,82,148,961,705,694,223,59,641,144
South East,Thames Valley,Wycombe,11679,4221,381,126,4172,440,1163,175,71,1119,1204,945,464,116,1038,216
West Midlands,Warwickshire,North Warwickshire,4332,1519,174,45,1589,297,762,16,11,189,314,384,100,64,321,136
West Midlands,Warwickshire,Nuneaton and Bedworth,11569,4595,472,162,3596,537,1031,55,139,1089,745,941,323,187,998,295
West Midlands,Warwickshire,Rugby,6903,2646,361,56,2139,398,559,32,58,617,475,483,247,118,638,215
West Midlands,Warwickshire,South Warwickshire,17026,5876,734,148,6439,1075,1740,103,241,1606,1674,1393,426,238,1344,428
West Midlands,Warwickshire,Unassigned Warwickshire,382,189,46,5,58,15,13,0,2,2,26,23,13,3,24,21
West Midlands,West Mercia,"Herefordshire, County of",10299,4379,606,64,2839,554,304,41,95,880,965,912,331,135,790,243
West Midlands,West Mercia,North Worcestershire,19022,7296,726,160,6428,1142,1390,80,80,2195,1541,1720,488,232,1573,399
West Midlands,West Mercia,Shropshire,16808,6713,727,90,5292,944,656,67,124,2062,1439,1619,390,203,1399,375
West Midlands,West Mercia,South Worcester,20780,7885,856,132,6926,1183,1104,95,306,2575,1663,2031,491,259,1732,468
West Midlands,West Mercia,Telford and Wrekin,14641,6269,661,131,3949,562,496,51,80,1680,1080,1261,518,239,1255,358
West Midlands,West Mercia,Unassigned West Mercia,634,346,40,5,103,15,17,3,0,22,46,32,21,8,37,42
West Midlands,West Midlands,Birmingham,138610,55636,5204,4221,44656,7860,13640,1659,874,10221,10402,11034,3473,2959,9231,2196
West Midlands,West Midlands,Coventry,36576,13727,1430,720,13287,2185,4345,355,432,3221,2749,2961,978,634,2170,669
West Midlands,West Midlands,Dudley,25489,10556,773,393,8485,1679,2490,129,62,2548,1577,2173,468,450,1607,584
West Midlands,West Midlands,Sandwell,35025,15171,1052,925,10435,2029,3272,254,129,2603,2148,2879,797,661,2382,723
West Midlands,West Midlands,Solihull,18046,5803,507,309,7853,1069,2672,132,130,2436,1414,1364,365,312,1170,363
West Midlands,West Midlands,Unassigned West Midlands,8938,2860,395,236,3803,592,1030,72,70,1121,918,658,172,123,528,163
West Midlands,West Midlands,Walsall,28909,11259,919,572,9784,1544,2846,162,153,3316,1763,2756,620,574,1802,623
West Midlands,West Midlands,Wolverhampton,29412,12044,981,553,9760,1459,2898,258,262,3076,1807,2411,604,581,1874,604
Yorkshire and The Humber,West Yorkshire,Bradford,68119,29873,2661,758,17329,3607,3902,681,307,3739,5093,6085,2556,516,6590,1751
Yorkshire and The Humber,West Yorkshire,Calderdale,23303,10073,892,134,6148,1198,1419,158,65,1604,1704,2019,877,201,2349,610
Yorkshire and The Humber,West Yorkshire,Kirklees,41852,18400,1664,382,10635,1906,2547,341,111,2697,3033,3500,1400,364,4433,1074
Yorkshire and The Humber,West Yorkshire,Leeds,102949,38716,3457,1594,35117,6717,7729,1386,1201,10461,7623,8291,3023,852,9542,2357
Yorkshire and The Humber,West Yorkshire,Unassigned West Yorkshire,25,10,3,0,4,0,2,0,0,1,1,0,0,1,7,0
Yorkshire and The Humber,West Yorkshire,Wakefield,42273,17802,1510,365,12181,1965,2447,290,200,4132,3147,3556,1269,290,4207,1093
South West,Wiltshire ,Swindon,15657,6441,747,127,4332,469,975,121,255,1593,919,1552,512,176,1420,350
South West,Wiltshire,Unassigned Wiltshire,196,95,37,1,19,5,5,1,0,4,4,7,10,1,14,12
South West,Wiltshire,Wiltshire,23862,9684,1215,93,6794,1234,1382,139,214,2097,1728,2771,532,197,2057,519
